<annotation><size><width>4320</width><height>3240</height><depth>3</depth></size><object><name>dairy-milk-hero</name><bndbox><xmin>2673</xmin><ymin>1630</ymin><xmax>4043</xmax><ymax>2390</ymax></bndbox></object><object><name>twirl-hero</name><bndbox><xmin>1457</xmin><ymin>1070</ymin><xmax>2333</xmax><ymax>1750</ymax></bndbox></object><object><name>eclair-hero</name><bndbox><xmin>1557</xmin><ymin>1647</ymin><xmax>2230</xmax><ymax>2673</ymax></bndbox></object><object><name>fudge-hero</name><bndbox><xmin>2113</xmin><ymin>1927</ymin><xmax>3587</xmax><ymax>2747</ymax></bndbox></object><object><name>creme-egg-hero</name><bndbox><xmin>123</xmin><ymin>1630</ymin><xmax>1717</xmax><ymax>2390</ymax></bndbox></object><object><name>caramel-hero</name><bndbox><xmin>2777</xmin><ymin>683</ymin><xmax>3553</xmax><ymax>1320</ymax></bndbox></object></annotation>