<annotation><size><width>2430</width><height>3240</height><depth>3</depth></size><object><name>creme-egg-hero</name><bndbox><xmin>1130</xmin><ymin>1916</ymin><xmax>1954</xmax><ymax>2994</ymax></bndbox></object><object><name>wispa-hero</name><bndbox><xmin>470</xmin><ymin>2070</ymin><xmax>1162</xmax><ymax>3068</ymax></bndbox></object><object><name>twirl-hero</name><bndbox><xmin>1370</xmin><ymin>1520</ymin><xmax>2198</xmax><ymax>1938</ymax></bndbox></object><object><name>dairy-milk-hero</name><bndbox><xmin>682</xmin><ymin>1184</ymin><xmax>1378</xmax><ymax>1586</ymax></bndbox></object><object><name>fudge-hero</name><bndbox><xmin>494</xmin><ymin>870</ymin><xmax>964</xmax><ymax>1352</ymax></bndbox></object><object><name>caramel-hero</name><bndbox><xmin>124</xmin><ymin>1104</ymin><xmax>550</xmax><ymax>1512</ymax></bndbox></object><object><name>eclair-hero</name><bndbox><xmin>1656</xmin><ymin>582</ymin><xmax>1896</xmax><ymax>888</ymax></bndbox></object></annotation>