<annotation><size><width>2430</width><height>3240</height><depth>3</depth></size><object><name>caramel-hero</name><bndbox><xmin>1375</xmin><ymin>555</ymin><xmax>1885</xmax><ymax>1120</ymax></bndbox></object><object><name>fudge-hero</name><bndbox><xmin>345</xmin><ymin>2237</ymin><xmax>1457</xmax><ymax>2935</ymax></bndbox></object><object><name>eclair-hero</name><bndbox><xmin>462</xmin><ymin>1642</ymin><xmax>1137</xmax><ymax>2167</ymax></bndbox></object><object><name>dairy-milk-hero</name><bndbox><xmin>1457</xmin><ymin>1312</ymin><xmax>2075</xmax><ymax>2110</ymax></bndbox></object><object><name>creme-egg-hero</name><bndbox><xmin>410</xmin><ymin>1090</ymin><xmax>1280</xmax><ymax>1645</ymax></bndbox></object><object><name>twirl-hero</name><bndbox><xmin>147</xmin><ymin>1012</ymin><xmax>552</xmax><ymax>1650</ymax></bndbox></object></annotation>