<annotation><size><width>2430</width><height>3240</height><depth>3</depth></size><object><name>caramel-hero</name><bndbox><xmin>300</xmin><ymin>1050</ymin><xmax>957</xmax><ymax>1773</ymax></bndbox></object><object><name>creme-egg-hero</name><bndbox><xmin>13</xmin><ymin>1880</ymin><xmax>657</xmax><ymax>2920</ymax></bndbox></object><object><name>eclair-hero</name><bndbox><xmin>763</xmin><ymin>1460</ymin><xmax>1150</xmax><ymax>2203</ymax></bndbox></object><object><name>dairy-milk-hero</name><bndbox><xmin>1607</xmin><ymin>1673</ymin><xmax>2407</xmax><ymax>2200</ymax></bndbox></object><object><name>twirl-hero</name><bndbox><xmin>1233</xmin><ymin>1250</ymin><xmax>2047</xmax><ymax>1633</ymax></bndbox></object><object><name>fudge-hero</name><bndbox><xmin>1297</xmin><ymin>753</ymin><xmax>1703</xmax><ymax>1333</ymax></bndbox></object></annotation>