<annotation><size><width>2430</width><height>3240</height><depth>3</depth></size><object><name>creme-egg-hero</name><bndbox><xmin>473</xmin><ymin>903</ymin><xmax>1187</xmax><ymax>1523</ymax></bndbox></object><object><name>wispa-hero</name><bndbox><xmin>1197</xmin><ymin>1790</ymin><xmax>2223</xmax><ymax>2880</ymax></bndbox></object><object><name>eclair-hero</name><bndbox><xmin>763</xmin><ymin>703</ymin><xmax>1383</xmax><ymax>1283</ymax></bndbox></object><object><name>caramel-hero</name><bndbox><xmin>1207</xmin><ymin>820</ymin><xmax>2045</xmax><ymax>1693</ymax></bndbox></object><object><name>fudge-hero</name><bndbox><xmin>453</xmin><ymin>1710</ymin><xmax>1297</xmax><ymax>2790</ymax></bndbox></object><object><name>twirl-hero</name><bndbox><xmin>13</xmin><ymin>970</ymin><xmax>413</xmax><ymax>1380</ymax></bndbox></object></annotation>