<annotation><size><width>4320</width><height>3240</height><depth>3</depth></size><object><name>eclair-hero</name><bndbox><xmin>180</xmin><ymin>1613</ymin><xmax>883</xmax><ymax>2463</ymax></bndbox></object><object><name>dairy-milk-hero</name><bndbox><xmin>2357</xmin><ymin>1463</ymin><xmax>3507</xmax><ymax>2323</ymax></bndbox></object><object><name>fudge-hero</name><bndbox><xmin>1587</xmin><ymin>1193</ymin><xmax>2653</xmax><ymax>1910</ymax></bndbox></object><object><name>caramel-hero</name><bndbox><xmin>1333</xmin><ymin>1613</ymin><xmax>2120</xmax><ymax>2663</ymax></bndbox></object><object><name>creme-egg-hero</name><bndbox><xmin>783</xmin><ymin>1500</ymin><xmax>1487</xmax><ymax>2123</ymax></bndbox></object><object><name>twirl-hero</name><bndbox><xmin>2863</xmin><ymin>743</ymin><xmax>3617</xmax><ymax>1253</ymax></bndbox></object><object><name>wispa-hero</name><bndbox><xmin>1963</xmin><ymin>613</ymin><xmax>2653</xmax><ymax>1223</ymax></bndbox></object></annotation>