<annotation><size><width>4320</width><height>3240</height><depth>3</depth></size><object><name>dairy-milk-hero</name><bndbox><xmin>1450</xmin><ymin>1040</ymin><xmax>2200</xmax><ymax>1478</ymax></bndbox></object><object><name>twirl-hero</name><bndbox><xmin>2206</xmin><ymin>1380</ymin><xmax>3088</xmax><ymax>1806</ymax></bndbox></object><object><name>fudge-hero</name><bndbox><xmin>1192</xmin><ymin>654</ymin><xmax>1730</xmax><ymax>1208</ymax></bndbox></object><object><name>caramel-hero</name><bndbox><xmin>788</xmin><ymin>956</ymin><xmax>1268</xmax><ymax>1404</ymax></bndbox></object><object><name>eclair-hero</name><bndbox><xmin>2528</xmin><ymin>300</ymin><xmax>2774</xmax><ymax>648</ymax></bndbox></object><object><name>wispa-hero</name><bndbox><xmin>1270</xmin><ymin>1972</ymin><xmax>2020</xmax><ymax>2950</ymax></bndbox></object><object><name>creme-egg-hero</name><bndbox><xmin>2032</xmin><ymin>1808</ymin><xmax>2812</xmax><ymax>2865</ymax></bndbox></object></annotation>