<annotation><size><width>4320</width><height>3240</height><depth>3</depth></size><object><name>creme-egg-hero</name><bndbox><xmin>2327</xmin><ymin>1783</ymin><xmax>3277</xmax><ymax>2643</ymax></bndbox></object><object><name>fudge-hero</name><bndbox><xmin>627</xmin><ymin>1560</ymin><xmax>1273</xmax><ymax>2453</ymax></bndbox></object><object><name>twirl-hero</name><bndbox><xmin>3407</xmin><ymin>993</ymin><xmax>4057</xmax><ymax>1643</ymax></bndbox></object><object><name>eclair-hero</name><bndbox><xmin>2567</xmin><ymin>1013</ymin><xmax>2933</xmax><ymax>1490</ymax></bndbox></object><object><name>eclair-hero</name><bndbox><xmin>1907</xmin><ymin>1160</ymin><xmax>2557</xmax><ymax>1520</ymax></bndbox></object><object><name>eclair-hero</name><bndbox><xmin>1353</xmin><ymin>1130</ymin><xmax>1983</xmax><ymax>1650</ymax></bndbox></object><object><name>caramel-hero</name><bndbox><xmin>573</xmin><ymin>1063</ymin><xmax>1397</xmax><ymax>1450</ymax></bndbox></object></annotation>