<annotation><size><width>2430</width><height>3240</height><depth>3</depth></size><object><name>twirl-hero</name><bndbox><xmin>1660</xmin><ymin>1740</ymin><xmax>2056</xmax><ymax>2112</ymax></bndbox></object><object><name>wispa-hero</name><bndbox><xmin>862</xmin><ymin>1868</ymin><xmax>1420</xmax><ymax>2444</ymax></bndbox></object><object><name>fudge-hero</name><bndbox><xmin>1612</xmin><ymin>1428</ymin><xmax>2090</xmax><ymax>1788</ymax></bndbox></object><object><name>eclair-hero</name><bndbox><xmin>1262</xmin><ymin>1422</ymin><xmax>1442</xmax><ymax>1710</ymax></bndbox></object><object><name>dairy-milk-hero</name><bndbox><xmin>466</xmin><ymin>1472</ymin><xmax>988</xmax><ymax>1752</ymax></bndbox></object><object><name>caramel-hero</name><bndbox><xmin>920</xmin><ymin>1220</ymin><xmax>1376</xmax><ymax>1542</ymax></bndbox></object><object><name>creme-egg-hero</name><bndbox><xmin>2</xmin><ymin>1206</ymin><xmax>526</xmax><ymax>1460</ymax></bndbox></object></annotation>