<annotation><size><width>2430</width><height>3240</height><depth>3</depth></size><object><name>fudge-hero</name><bndbox><xmin>335</xmin><ymin>1840</ymin><xmax>890</xmax><ymax>2662</ymax></bndbox></object><object><name>fudge-hero</name><bndbox><xmin>1420</xmin><ymin>862</ymin><xmax>1775</xmax><ymax>1342</ymax></bndbox></object><object><name>caramel-hero</name><bndbox><xmin>742</xmin><ymin>1585</ymin><xmax>1467</xmax><ymax>2302</ymax></bndbox></object><object><name>caramel-hero</name><bndbox><xmin>2060</xmin><ymin>862</ymin><xmax>2417</xmax><ymax>1165</ymax></bndbox></object><object><name>creme-egg-hero</name><bndbox><xmin>1760</xmin><ymin>1162</ymin><xmax>2225</xmax><ymax>1690</ymax></bndbox></object><object><name>eclair-hero</name><bndbox><xmin>1390</xmin><ymin>1577</ymin><xmax>1915</xmax><ymax>2065</ymax></bndbox></object><object><name>eclair-hero</name><bndbox><xmin>1212</xmin><ymin>932</ymin><xmax>1467</xmax><ymax>1345</ymax></bndbox></object><object><name>eclair-hero</name><bndbox><xmin>805</xmin><ymin>842</ymin><xmax>1302</xmax><ymax>1072</ymax></bndbox></object></annotation>