<annotation><size><width>4320</width><height>3240</height><depth>3</depth></size><object><name>eclair-hero</name><bndbox><xmin>2023</xmin><ymin>633</ymin><xmax>2703</xmax><ymax>893</ymax></bndbox></object><object><name>creme-egg-hero</name><bndbox><xmin>2207</xmin><ymin>1547</ymin><xmax>3017</xmax><ymax>2367</ymax></bndbox></object><object><name>twirl-hero</name><bndbox><xmin>1093</xmin><ymin>1733</ymin><xmax>1723</xmax><ymax>2640</ymax></bndbox></object><object><name>dairy-milk-hero</name><bndbox><xmin>2913</xmin><ymin>1280</ymin><xmax>3707</xmax><ymax>2013</ymax></bndbox></object><object><name>caramel-hero</name><bndbox><xmin>2463</xmin><ymin>867</ymin><xmax>3183</xmax><ymax>1450</ymax></bndbox></object><object><name>wispa-hero</name><bndbox><xmin>1387</xmin><ymin>410</ymin><xmax>2013</xmax><ymax>1060</ymax></bndbox></object><object><name>fudge-hero</name><bndbox><xmin>897</xmin><ymin>460</ymin><xmax>1363</xmax><ymax>940</ymax></bndbox></object></annotation>