<annotation><size><width>4320</width><height>3240</height><depth>3</depth></size><object><name>eclair-hero</name><bndbox><xmin>783</xmin><ymin>2463</ymin><xmax>1343</xmax><ymax>3220</ymax></bndbox></object><object><name>eclair-hero</name><bndbox><xmin>497</xmin><ymin>940</ymin><xmax>987</xmax><ymax>1590</ymax></bndbox></object><object><name>caramel-hero</name><bndbox><xmin>157</xmin><ymin>1693</ymin><xmax>943</xmax><ymax>2613</ymax></bndbox></object><object><name>caramel-hero</name><bndbox><xmin>960</xmin><ymin>1170</ymin><xmax>2023</xmax><ymax>1750</ymax></bndbox></object><object><name>fudge-hero</name><bndbox><xmin>1483</xmin><ymin>493</ymin><xmax>2307</xmax><ymax>1080</ymax></bndbox></object><object><name>fudge-hero</name><bndbox><xmin>17</xmin><ymin>1813</ymin><xmax>237</xmax><ymax>2693</ymax></bndbox></object><object><name>creme-egg-hero</name><bndbox><xmin>960</xmin><ymin>1667</ymin><xmax>2057</xmax><ymax>2267</ymax></bndbox></object><object><name>creme-egg-hero</name><bndbox><xmin>3237</xmin><ymin>810</ymin><xmax>3973</xmax><ymax>1523</ymax></bndbox></object><object><name>dairy-milk-hero</name><bndbox><xmin>2643</xmin><ymin>630</ymin><xmax>3503</xmax><ymax>1210</ymax></bndbox></object><object><name>twirl-hero</name><bndbox><xmin>2607</xmin><ymin>413</ymin><xmax>3493</xmax><ymax>720</ymax></bndbox></object><object><name>twirl-hero</name><bndbox><xmin>2257</xmin><ymin>240</ymin><xmax>2657</xmax><ymax>830</ymax></bndbox></object></annotation>