<annotation><size><width>2430</width><height>3240</height><depth>3</depth></size><object><name>eclair-hero</name><bndbox><xmin>608</xmin><ymin>1664</ymin><xmax>1162</xmax><ymax>2168</ymax></bndbox></object><object><name>eclair-hero</name><bndbox><xmin>538</xmin><ymin>1020</ymin><xmax>758</xmax><ymax>1410</ymax></bndbox></object><object><name>eclair-hero</name><bndbox><xmin>64</xmin><ymin>924</ymin><xmax>616</xmax><ymax>1178</ymax></bndbox></object><object><name>creme-egg-hero</name><bndbox><xmin>1322</xmin><ymin>1902</ymin><xmax>2054</xmax><ymax>2642</ymax></bndbox></object><object><name>creme-egg-hero</name><bndbox><xmin>1006</xmin><ymin>1202</ymin><xmax>1502</xmax><ymax>1716</ymax></bndbox></object><object><name>caramel-hero</name><bndbox><xmin>8</xmin><ymin>1734</ymin><xmax>632</xmax><ymax>2502</ymax></bndbox></object><object><name>caramel-hero</name><bndbox><xmin>1360</xmin><ymin>876</ymin><xmax>1958</xmax><ymax>1158</ymax></bndbox></object><object><name>fudge-hero</name><bndbox><xmin>734</xmin><ymin>924</ymin><xmax>1058</xmax><ymax>1418</ymax></bndbox></object><object><name>twirl-hero</name><bndbox><xmin>1540</xmin><ymin>1052</ymin><xmax>2230</xmax><ymax>1448</ymax></bndbox></object><object><name>twirl-hero</name><bndbox><xmin>1868</xmin><ymin>662</ymin><xmax>2254</xmax><ymax>1034</ymax></bndbox></object></annotation>