<annotation><size><width>2430</width><height>3240</height><depth>3</depth></size><object><name>fudge-hero</name><bndbox><xmin>5</xmin><ymin>2205</ymin><xmax>567</xmax><ymax>2657</ymax></bndbox></object><object><name>dairy-milk-hero</name><bndbox><xmin>1367</xmin><ymin>1747</ymin><xmax>2345</xmax><ymax>2485</ymax></bndbox></object><object><name>caramel-hero</name><bndbox><xmin>1512</xmin><ymin>1335</ymin><xmax>2390</xmax><ymax>1907</ymax></bndbox></object><object><name>creme-egg-hero</name><bndbox><xmin>1457</xmin><ymin>990</ymin><xmax>2345</xmax><ymax>1500</ymax></bndbox></object><object><name>twirl-hero</name><bndbox><xmin>1022</xmin><ymin>1345</ymin><xmax>1467</xmax><ymax>2140</ymax></bndbox></object><object><name>wispa-hero</name><bndbox><xmin>177</xmin><ymin>990</ymin><xmax>970</xmax><ymax>1705</ymax></bndbox></object><object><name>eclair-hero</name><bndbox><xmin>657</xmin><ymin>427</ymin><xmax>972</xmax><ymax>945</ymax></bndbox></object></annotation>