<annotation><size><width>2430</width><height>3240</height><depth>3</depth></size><object><name>caramel-hero</name><bndbox><xmin>1765</xmin><ymin>902</ymin><xmax>2240</xmax><ymax>1442</ymax></bndbox></object><object><name>dairy-milk-hero</name><bndbox><xmin>1317</xmin><ymin>1702</ymin><xmax>2262</xmax><ymax>2560</ymax></bndbox></object><object><name>fudge-hero</name><bndbox><xmin>815</xmin><ymin>1885</ymin><xmax>1825</xmax><ymax>2657</ymax></bndbox></object><object><name>eclair-hero</name><bndbox><xmin>602</xmin><ymin>1650</ymin><xmax>947</xmax><ymax>2440</ymax></bndbox></object><object><name>twirl-hero</name><bndbox><xmin>603</xmin><ymin>1160</ymin><xmax>1287</xmax><ymax>1730</ymax></bndbox></object><object><name>creme-egg-hero</name><bndbox><xmin>13</xmin><ymin>1513</ymin><xmax>753</xmax><ymax>2133</ymax></bndbox></object></annotation>