<annotation><size><width>2430</width><height>3240</height><depth>3</depth></size><object><name>dairy-milk-hero</name><bndbox><xmin>902</xmin><ymin>1460</ymin><xmax>1450</xmax><ymax>2012</ymax></bndbox></object><object><name>creme-egg-hero</name><bndbox><xmin>8</xmin><ymin>2018</ymin><xmax>598</xmax><ymax>2760</ymax></bndbox></object><object><name>wispa-hero</name><bndbox><xmin>1708</xmin><ymin>1304</ymin><xmax>2344</xmax><ymax>1610</ymax></bndbox></object><object><name>caramel-hero</name><bndbox><xmin>482</xmin><ymin>1158</ymin><xmax>1084</xmax><ymax>1604</ymax></bndbox></object><object><name>eclair-hero</name><bndbox><xmin>940</xmin><ymin>1146</ymin><xmax>1394</xmax><ymax>1364</ymax></bndbox></object><object><name>twirl-hero</name><bndbox><xmin>1534</xmin><ymin>858</ymin><xmax>2006</xmax><ymax>1188</ymax></bndbox></object><object><name>fudge-hero</name><bndbox><xmin>1088</xmin><ymin>900</ymin><xmax>1574</xmax><ymax>1130</ymax></bndbox></object></annotation>