<annotation><size><width>4320</width><height>3240</height><depth>3</depth></size><object><name>twirl-hero</name><bndbox><xmin>747</xmin><ymin>913</ymin><xmax>1437</xmax><ymax>1753</ymax></bndbox></object><object><name>dairy-milk-hero</name><bndbox><xmin>2647</xmin><ymin>1070</ymin><xmax>3627</xmax><ymax>1993</ymax></bndbox></object><object><name>fudge-hero</name><bndbox><xmin>1357</xmin><ymin>2273</ymin><xmax>3027</xmax><ymax>3220</ymax></bndbox></object><object><name>caramel-hero</name><bndbox><xmin>2383</xmin><ymin>303</ymin><xmax>2993</xmax><ymax>950</ymax></bndbox></object><object><name>eclair-hero</name><bndbox><xmin>1393</xmin><ymin>1670</ymin><xmax>2403</xmax><ymax>2280</ymax></bndbox></object><object><name>creme-egg-hero</name><bndbox><xmin>1200</xmin><ymin>930</ymin><xmax>2415</xmax><ymax>1623</ymax></bndbox></object></annotation>