<annotation><size><width>4320</width><height>3240</height><depth>3</depth></size><object><name>fudge-hero</name><bndbox><xmin>2523</xmin><ymin>993</ymin><xmax>2883</xmax><ymax>1330</ymax></bndbox></object><object><name>fudge-hero</name><bndbox><xmin>1333</xmin><ymin>1890</ymin><xmax>2277</xmax><ymax>2373</ymax></bndbox></object><object><name>creme-egg-hero</name><bndbox><xmin>220</xmin><ymin>1310</ymin><xmax>910</xmax><ymax>1750</ymax></bndbox></object><object><name>twirl-hero</name><bndbox><xmin>1437</xmin><ymin>1493</ymin><xmax>2127</xmax><ymax>1830</ymax></bndbox></object><object><name>twirl-hero</name><bndbox><xmin>2193</xmin><ymin>1540</ymin><xmax>2873</xmax><ymax>2020</ymax></bndbox></object><object><name>caramel-hero</name><bndbox><xmin>1563</xmin><ymin>1173</ymin><xmax>2117</xmax><ymax>1543</ymax></bndbox></object><object><name>caramel-hero</name><bndbox><xmin>3407</xmin><ymin>1150</ymin><xmax>4087</xmax><ymax>1547</ymax></bndbox></object><object><name>dairy-milk-hero</name><bndbox><xmin>3193</xmin><ymin>1443</ymin><xmax>3923</xmax><ymax>1800</ymax></bndbox></object><object><name>creme-egg-hero</name><bndbox><xmin>2787</xmin><ymin>1227</ymin><xmax>3317</xmax><ymax>1590</ymax></bndbox></object><object><name>eclair-hero</name><bndbox><xmin>2253</xmin><ymin>973</ymin><xmax>2497</xmax><ymax>1337</ymax></bndbox></object><object><name>eclair-hero</name><bndbox><xmin>2857</xmin><ymin>1587</ymin><xmax>3340</xmax><ymax>2033</ymax></bndbox></object></annotation>