<annotation><size><width>4320</width><height>3240</height><depth>3</depth></size><object><name>twirl-hero</name><bndbox><xmin>733</xmin><ymin>770</ymin><xmax>1757</xmax><ymax>1470</ymax></bndbox></object><object><name>dairy-milk-hero</name><bndbox><xmin>13</xmin><ymin>1440</ymin><xmax>947</xmax><ymax>2170</ymax></bndbox></object><object><name>fudge-hero</name><bndbox><xmin>2223</xmin><ymin>1660</ymin><xmax>3007</xmax><ymax>2933</ymax></bndbox></object><object><name>wispa-hero</name><bndbox><xmin>3023</xmin><ymin>1750</ymin><xmax>4263</xmax><ymax>2980</ymax></bndbox></object><object><name>creme-egg-hero</name><bndbox><xmin>1797</xmin><ymin>673</ymin><xmax>2923</xmax><ymax>1510</ymax></bndbox></object><object><name>eclair-hero</name><bndbox><xmin>2143</xmin><ymin>430</ymin><xmax>3057</xmax><ymax>1110</ymax></bndbox></object><object><name>caramel-hero</name><bndbox><xmin>2853</xmin><ymin>597</ymin><xmax>3793</xmax><ymax>1607</ymax></bndbox></object></annotation>