<annotation><size><width>2430</width><height>3240</height><depth>3</depth></size><object><name>wispa-hero</name><bndbox><xmin>1210</xmin><ymin>385</ymin><xmax>1757</xmax><ymax>962</ymax></bndbox></object><object><name>dairy-milk-hero</name><bndbox><xmin>1392</xmin><ymin>1240</ymin><xmax>2240</xmax><ymax>1882</ymax></bndbox></object><object><name>fudge-hero</name><bndbox><xmin>882</xmin><ymin>952</ymin><xmax>1637</xmax><ymax>1540</ymax></bndbox></object><object><name>caramel-hero</name><bndbox><xmin>732</xmin><ymin>1335</ymin><xmax>1227</xmax><ymax>2050</ymax></bndbox></object><object><name>creme-egg-hero</name><bndbox><xmin>340</xmin><ymin>1155</ymin><xmax>845</xmax><ymax>1697</ymax></bndbox></object><object><name>eclair-hero</name><bndbox><xmin>12</xmin><ymin>1267</ymin><xmax>432</xmax><ymax>1862</ymax></bndbox></object><object><name>twirl-hero</name><bndbox><xmin>1900</xmin><ymin>557</ymin><xmax>2412</xmax><ymax>1050</ymax></bndbox></object></annotation>