<annotation><size><width>2430</width><height>3240</height><depth>3</depth></size><object><name>twirl-hero</name><bndbox><xmin>197</xmin><ymin>2010</ymin><xmax>683</xmax><ymax>2930</ymax></bndbox></object><object><name>creme-egg-hero</name><bndbox><xmin>1047</xmin><ymin>1890</ymin><xmax>1857</xmax><ymax>2810</ymax></bndbox></object><object><name>dairy-milk-hero</name><bndbox><xmin>1773</xmin><ymin>1653</ymin><xmax>2413</xmax><ymax>2413</ymax></bndbox></object><object><name>caramel-hero</name><bndbox><xmin>1413</xmin><ymin>1123</ymin><xmax>2070</xmax><ymax>1780</ymax></bndbox></object><object><name>eclair-hero</name><bndbox><xmin>1047</xmin><ymin>920</ymin><xmax>1653</xmax><ymax>1220</ymax></bndbox></object><object><name>wispa-hero</name><bndbox><xmin>457</xmin><ymin>700</ymin><xmax>987</xmax><ymax>1370</ymax></bndbox></object><object><name>fudge-hero</name><bndbox><xmin>23</xmin><ymin>703</ymin><xmax>427</xmax><ymax>1250</ymax></bndbox></object></annotation>